{"cameraMode":{"drawMode":0,"name":"Shaded","section":"Shading Mode"},"sceneLighting":false,"audioPlay":false,"sceneViewState":{"m_AlwaysRefresh":false,"showFog":true,"showSkybox":false,"showFlares":true,"showImageEffects":true,"showParticleSystems":true,"showVisualEffectGraphs":true,"m_FxEnabled":true},"in2DMode":false,"pivot":{"x":3.013607978820801,"y":0.6889185905456543,"z":-0.5131950378417969},"rotation":{"x":0.29690465331077578,"y":-0.07438531517982483,"z":0.023205725476145746,"w":0.9517223238945007},"size":6.830992221832275,"orthographic":false}