{"cameraMode":{"drawMode":0,"name":"Shaded","section":"Shading Mode"},"sceneLighting":false,"audioPlay":false,"sceneViewState":{"m_AlwaysRefresh":false,"showFog":true,"showSkybox":false,"showFlares":true,"showImageEffects":true,"showParticleSystems":true,"showVisualEffectGraphs":true,"m_FxEnabled":true},"in2DMode":false,"pivot":{"x":0.059452980756759647,"y":-0.22032368183135987,"z":0.04948687553405762},"rotation":{"x":0.33059653639793398,"y":-0.17967526614665986,"z":0.0642661303281784,"w":0.9242798686027527},"size":1.775815486907959,"orthographic":false}