{"cameraMode":{"drawMode":0,"name":"Shaded","section":"Shading Mode"},"sceneLighting":false,"audioPlay":false,"sceneViewState":{"m_AlwaysRefresh":false,"showFog":true,"showSkybox":false,"showFlares":true,"showImageEffects":true,"showParticleSystems":true,"showVisualEffectGraphs":true,"m_FxEnabled":true},"in2DMode":false,"pivot":{"x":-0.015847444534301759,"y":2.4056825637817385,"z":0.12452870607376099},"rotation":{"x":0.33000001311302187,"y":-0.19897989928722382,"z":0.07137276232242584,"w":0.9200073480606079},"size":3.4727401733398439,"orthographic":false}